N/A,N/A
150mm Matching Upholstered Pelmet Face,N/A
200mm Matching Upholstered Pelmet Face,N/A
Aluminium Pelmet - Anodised,Aluminium Pelmet - Anodised
Aluminium Pelmet - White,Aluminium Pelmet - White
Aluminium Pelmet - Black,Aluminium Pelmet - Black
Aluminium Pelmet - Cream,Aluminium Pelmet - Cream
Square Cassette - White,N/A
Square Cassette - Black,N/A
Square Cassette - Cream,N/A
Square Cassette - Anodised Silver,N/A
Square Cassette with Side Channel - White,N/A
Square Cassette with Side Channel - Black,N/A
Square Cassette with Side Channel - Cream,N/A
Square Cassette with Side Channel - Anodised Silver,N/A
Round Cassette - White,N/A
Round Cassette - Black,N/A
Round Cassette - Cream,N/A
Round Cassette - Anodised Silver,N/A
Round Cassette with Side Channel - White,N/A
Round Cassette with Side Channel - Black,N/A
Round Cassette with Side Channel - Cream,N/A
Round Cassette with Side Channel - Anodised Silver,N/A
