SingleFace,75
SingleOutside Window Mount,75
SingleReveal,60
SingleInside Window Mount,60
SingleTop Fix,60
Single with CoversFace,75
Single with CoversOutside Window Mount,75
Single with CoversReveal,60
Single with CoversInside Window Mount,60
Single with CoversTop Fix,60
Single ExtensionFace,90
Single ExtensionOutside Window Mount,90
Single ExtensionReveal,60
Single ExtensionInside Window Mount,60
Single ExtensionTop Fix,60
Single Extension with CoversFace,90
Single Extension with CoversOutside Window Mount,90
Single Extension with CoversReveal,60
Single Extension with CoversInside Window Mount,60
Single Extension with CoversTop Fix,60
Dual Opposite SideFace,110
Dual Opposite SideOutside Window Mount,110
Dual Opposite SideReveal,110
Dual Opposite SideInside Window Mount,110
Dual Opposite SideTop Fix,110
Dual Same SideFace,130
Dual Same SideOutside Window Mount,130
Dual Same SideReveal,130
Dual Same SideInside Window Mount,130
Dual Same SideTop Fix,130
60mm Tube SingleFace,100
60mm Tube SingleOutside Window Mount,100
60mm Tube SingleReveal,90
60mm Tube SingleInside Window Mount,90
60mm Tube SingleTop Fix,90
Slimline Dual Top Blind Front Roll LHS ControlFace,95
Slimline Dual Top Blind Front Roll LHS ControlOutside Window Mount,95
Slimline Dual Top Blind Front Roll LHS ControlReveal,95
Slimline Dual Top Blind Front Roll LHS ControlInside Window Mount,95
Slimline Dual Top Blind Front Roll LHS ControlTop Fix,95
Slimline Dual Top Blind Front Roll RHS ControlFace,95
Slimline Dual Top Blind Front Roll RHS ControlOutside Window Mount,95
Slimline Dual Top Blind Front Roll RHS ControlReveal,95
Slimline Dual Top Blind Front Roll RHS ControlInside Window Mount,95
Slimline Dual Top Blind Front Roll RHS ControlTop Fix,95
Slimline Dual Top Blind Back Roll LHS ControlFace,95
Slimline Dual Top Blind Back Roll LHS ControlOutside Window Mount,95
Slimline Dual Top Blind Back Roll LHS ControlReveal,95
Slimline Dual Top Blind Back Roll LHS ControlInside Window Mount,95
Slimline Dual Top Blind Back Roll LHS ControlTop Fix,95
Slimline Dual Top Blind Back Roll RHS ControlFace,95
Slimline Dual Top Blind Back Roll RHS ControlOutside Window Mount,95
Slimline Dual Top Blind Back Roll RHS ControlReveal,95
Slimline Dual Top Blind Back Roll RHS ControlInside Window Mount,95
Slimline Dual Top Blind Back Roll RHS ControlTop Fix,95
,
,
,
,
,
,
,
,
,
,
,
,
,
,
,
,
