Chain Winder,0
HD Chain Winder,0
Chain Winder Fixed Guide,0
Chain Winder 60mm,5
Spring,0
Linked,5
Linked - HD,5
Linked 60mm,10
Acmeda 12v Motor,5
Acmeda 12v 6nm Motor,5
Acmeda CBUS Motor,5
Acmeda DCRF 12v Motor,5
Acmeda External 12v Motor,5
Acmeda External Motor,5
Acmeda Remote Motor,5
Becker CBUS Motor,5
Becker External CBUS Motor,5
Becker External Remote Motor,5
Becker Remote Motor,5
Somfy 12v Remote Sonesse Motor,5
Somfy CBUS Motor,5
Somfy External CBUS Motor,5
Somfy External Remote Motor,5
Somfy Remote Sonesse Motor,5
HD Somfy 12v Remote Sonesse Motor,5
HD Somfy CBUS Motor,5
HD Somfy External CBUS Motor,5
HD Somfy External Remote Motor,5
HD Somfy Remote Sonesse Motor,5
Sunboss Chain Winder 38mm Tube,0
TBS Cbus Motor,5
TBS Remote Motor,5
Uniline Spring (Old Style),0
,
,
,
,
,
,
,
,
,
,
,
,
