Single,No
Single with Covers,No
Single Motor Brackets,No
Dual Opposite Side,Yes
Dual Same Side,Yes
Slimline Dual Top Blind Front Roll LHS Control,Yes
Slimline Dual Top Blind Front Roll RHS Control,Yes
Slimline Dual Top Blind Back Roll LHS Control,Yes
Slimline Dual Top Blind Back Roll RHS Control,Yes
Single Extension,No
Single Extension with Extension Covers,No
60mm Tube Single,No
Linked,No
Single Extension Linked,No
Linked 60mm,No
Dual Linked,No
Dual Slimline Linked Top Blind Front Roll,Yes
Dual Slimline Linked Top Blind Back Roll,Yes
Dual Linked 60mm,Yes
45 Degree Linked,No
90 Degree Linked,No
Slimline Dual Top Blind Front Roll LHS Control & Dual Slimline Linked Top Blind Front Roll,Yes
Slimline Dual Top Blind Front Roll RHS Control & Dual Slimline Linked Top Blind Front Roll,Yes
Slimline Dual Top Blind Back Roll LHS Control & Dual Slimline Linked Top Blind Front Roll,Yes
Slimline Dual Top Blind Back Roll RHS Control & Dual Slimline Linked Top Blind Front Roll,Yes
Slimline Dual Top Blind Front Roll LHS Control & Dual Slimline Linked Top Blind Back Roll,Yes
Slimline Dual Top Blind Front Roll RHS Control & Dual Slimline Linked Top Blind Back Roll,Yes
Slimline Dual Top Blind Back Roll LHS Control & Dual Slimline Linked Top Blind BackRoll,Yes
Slimline Dual Top Blind Back Roll RHS Control & Dual Slimline Linked Top Blind Back Roll,Yes
Single & Single Linked,No
Single with Covers & Single Linked,No
Single Extension & Single Extension Linked,No
Dual Same Side & Dual Linked,Yes
Spring Single,No
Linked(2 Sets),No
Single Extension Linked(2 Sets)|OPRLLK,No
Linked 60mm(2 Sets)|OPRLLK,No
Dual Linked(2 Sets)|OPRLLK,Yes
Dual Slimline Linked Top Blind Back Roll(2 Sets)|OPRLLK,Yes
Dual Slimline Linked Top Blind Front Roll(2 Sets)|OPRLLK,Yes
Dual Linked 60mm(2 Sets)|OPRLLK,Yes
Not Required,Yes
,
,
,
,
,
,
,
,
,
,
,
,
,
,
,
,
,
,
,
,
,
,
,
,
,
,
,
,
,
,
,
,
,
,
,
,
,
,
,
