1.1nm 12v Acmeda DCRF Motor,1.1nm 12v Acmeda DCRF Motor
1.1nm 12v Acmeda DCRF Motor with External Battery,1.1nm 12v Acmeda DCRF Motor with External Battery
1.1nm 12v Acmeda Motor,1.1nm 12v Acmeda Motor
0.7nm 12v Acmeda Motor,0.7nm 12v Acmeda Motor
2nm 12v Acmeda DCRF Motor,2nm 12v Acmeda DCRF Motor
2nm 12v Acmeda Motor,2nm 12v Acmeda Motor
Acmeda 12v 6nm Motor,Acmeda 12v 6nm Motor
Acmeda E6 Motor,Acmeda E6 Motor
Acmeda External 12v Motor,Acmeda 10nm 12v Motor
Acmeda External Motor,Acmeda FT 15Nm Motor
Acmeda M6 Motor,Acmeda M6 Motor
Becker CBUS Motor,Becker CBUS Motor
Becker External cBus Motor,Becker External cBus Motor
Becker External Remote Motor,Becker R20-17-C12A Motor
Becker Remote Motor,Becker P4-30-C12A Motor
Chain Winder,Chain Winder
Chain Winder 60mm,Chain Winder 60mm
Chain Winder Fixed Guide,Chain Winder Fixed Guide
HD Chain Winder,HD Chain Winder
Linked - HD,Linked - HD
Linked,Linked
Linked 60mm,Linked 60mm
Nice CBus Motor,Nice CBus Motor
Nice Remote Motor,Nice Remote Motor
Small Spring,Small Spring
Somfy 12v Remote Sonesse Motor,Somfy 12v Remote Sonesse Motor
Somfy CBUS Motor,Sonesse 40 WT 3/30 with Inline Connector Motor
Somfy External CBUS Motor,Sonesse 50 WT 10/28 Motor
Somfy External Remote Motor,Sonesse 50 RTS 6/17 RH Motor
Somfy Remote Sonesse Motor,Sonesse 40 RTS 3/30 with Inline Connector Motor
HD Somfy 12v Remote Sonesse Motor,Somfy 12v Remote Sonesse Motor
HD Somfy CBUS Motor,Sonesse 40 WT 3/30 with Inline Connector Motor
HD Somfy External CBUS Motor,Sonesse 50 WT 10/28 Motor
HD Somfy External Remote Motor,Sonesse 50 RTS 6/17 RH Motor
HD Somfy Remote Sonesse Motor,Sonesse 40 RTS 3/30 with Inline Connector Motor
Standard Spring,Standard Spring
Sunboss Chain Winder 38mm Tube,Sunboss Chain Winder 38mm Tube
Sunboss Chain Winder 43mm Tube,Sunboss Chain Winder 43mm Tube
TBS Cbus,TBS Cbus Motor
TBS Remote Motor,TBS Remote Motor
Uniline CBus Motor,Uniline CBus Motor
Uniline Remote Motor,Uniline Remote Motor
Uniline Spring (Old Style),Uniline Spring (Old Style)
,
,
,
,
