None,
Straight Upholstered Pelmet,Philip Batch
Shaped Upholstered Pelmet,Philip Batch
Straight Bonded Pelmet,KIWS
Zipscreen HoodingCustom Powdercoat,DBS to Make
Aluminium PelmetWhite,DBS to Make
Aluminium PelmetWhite,DBS to Make
Square CassetteWhite,DBS to Make
Square Cassette with Side ChannelsWhite,DBS to Make
Square Cassette with Side & Bottom ChannelsWhite,DBS to Make
Round CassetteWhite,DBS to Make
Round Cassette with Side ChannelsWhite,DBS to Make
Round Cassette with Side & Bottom ChannelsWhite,DBS to Make
Aluminium ValanceWhite,DBS to Make
Aluminium Valance - Fabric CoveredWhite,DBS to Make
Aluminium Valance - Fabric Covered,DBS to Make
Side ChannelsWhite,DBS to Make
Aluminium PelmetBlack,DBS to Make
Aluminium PelmetBlack,DBS to Make
Square CassetteBlack,DBS to Make
Square Cassette with Side ChannelsBlack,DBS to Make
Square Cassette with Side & Bottom ChannelsBlack,DBS to Make
Round CassetteBlack,DBS to Make
Round Cassette with Side ChannelsBlack,DBS to Make
Round Cassette with Side & Bottom ChannelsBlack,DBS to Make
Aluminium ValanceBlack,DBS to Make
Side ChannelsBlack,DBS to Make
Aluminium PelmetAnodised Silver,DBS to Make
Aluminium PelmetAnodised Silver,DBS to Make
Square CassetteAnodised Silver,DBS to Make
Square Cassette with Side ChannelsAnodised Silver,DBS to Make
Square Cassette with Side & Bottom ChannelsAnodised Silver,DBS to Make
Round CassetteAnodised Silver,DBS to Make
Round Cassette with Side ChannelsAnodised Silver,DBS to Make
Round Cassette with Side & Bottom ChannelsAnodised Silver,DBS to Make
Aluminium ValanceAnodised Silver,DBS to Make
Side ChannelsAnodised Silver,DBS to Make
Aluminium PelmetCream,DBS to Make
Aluminium PelmetCream,DBS to Make
Square CassetteCream,DBS to Make
Square Cassette with Side ChannelsCream,DBS to Make
Square Cassette with Side & Bottom ChannelsCream,DBS to Make
Round CassetteCream,DBS to Make
Round Cassette with Side ChannelsCream,DBS to Make
Round Cassette with Side & Bottom ChannelsCream,DBS to Make
Aluminium ValanceCream,DBS to Make
Side ChannelsCream,DBS to Make
Mounting RailWhite,DBS to Make
,
,
