1.1nm 12v Acmeda DCRF MotorLeftControl,43mm,43mm,43mm,43mm,43mm H/D,Motor - Female,No
1.1nm 12v Acmeda DCRF MotorLeftLHS Blind Independent Link,43mm,43mm,43mm,43mm,43mm H/D,Motor - Female with Insert,No
1.1nm 12v Acmeda DCRF MotorLeftN/A,43mm,43mm,43mm,43mm,43mm H/D,N/A,No
1.1nm 12v Acmeda DCRF MotorRightControl,43mm,43mm,43mm,43mm,43mm H/D,Female - Motor,No
1.1nm 12v Acmeda DCRF MotorRightN/A,43mm,43mm,43mm,43mm,43mm H/D,N/A,No
1.1nm 12v Acmeda DCRF MotorRightRHS Blind Independent Link,43mm,43mm,43mm,43mm,43mm H/D,Idle - Motor,No
1.1nm 12v Acmeda DCRF Motor with External BatteryLeftControl,43mm,43mm,43mm,43mm,43mm H/D,Motor - Female,No
1.1nm 12v Acmeda DCRF Motor with External BatteryRightControl,43mm,43mm,43mm,43mm,43mm H/D,Female - Motor,No
1.1nm 12v Acmeda DCRF Motor with External BatteryRightN/A,43mm,43mm,43mm,43mm,43mm H/D,N/A,No
1.1nm 12v Acmeda DCRF Motor with External BatteryLeftN/A,43mm,43mm,43mm,43mm,43mm H/D,N/A,No
1.1nm 12v Acmeda MotorLeftControl,43mm,43mm,43mm,43mm,43mm H/D,Motor - Female,No
1.1nm 12v Acmeda MotorLeftLHS Blind Independent Link,43mm,43mm,43mm,43mm,43mm H/D,Motor - Female with Insert,No
1.1nm 12v Acmeda MotorLeftN/A,43mm,43mm,43mm,43mm,43mm H/D,N/A,No
1.1nm 12v Acmeda MotorRightControl,43mm,43mm,43mm,43mm,43mm H/D,Female - Motor,No
1.1nm 12v Acmeda MotorRightN/A,43mm,43mm,43mm,43mm,43mm H/D,N/A,No
1.1nm 12v Acmeda MotorRightRHS Blind Independent Link,43mm,43mm,43mm,43mm,43mm H/D,Idle - Motor,No
0.7nm 12v Acmeda MotorLeftControl,43mm,43mm,43mm,43mm,43mm H/D,Motor - Female,No
0.7nm 12v Acmeda MotorLeftLHS Blind Independent Link,43mm,43mm,43mm,43mm,43mm H/D,Motor - Female with Insert,No
0.7nm 12v Acmeda MotorLeftN/A,43mm,43mm,43mm,43mm,43mm H/D,N/A,No
0.7nm 12v Acmeda MotorRightControl,43mm,43mm,43mm,43mm,43mm H/D,Female - Motor,No
0.7nm 12v Acmeda MotorRightN/A,43mm,43mm,43mm,43mm,43mm H/D,N/A,No
0.7nm 12v Acmeda MotorRightRHS Blind Independent Link,43mm,43mm,43mm,43mm,43mm H/D,Idle - Motor,No
2nm 12v Acmeda DCRF MotorLeftControl,43mm,43mm,43mm,43mm,43mm H/D,Motor - Female,No
2nm 12v Acmeda DCRF MotorLeftLHS Blind Independent Link,43mm,43mm,43mm,43mm,43mm H/D,Motor - Female with Insert,No
2nm 12v Acmeda DCRF MotorLeftN/A,43mm,43mm,43mm,43mm,43mm H/D,N/A,No
2nm 12v Acmeda DCRF MotorRightControl,43mm,43mm,43mm,43mm,43mm H/D,Female - Motor,No
2nm 12v Acmeda DCRF MotorRightN/A,43mm,43mm,43mm,43mm,43mm H/D,N/A,No
2nm 12v Acmeda DCRF MotorRightRHS Blind Independent Link,43mm,43mm,43mm,43mm,43mm H/D,Idle - Motor,No
2nm 12v Acmeda MotorLeftControl,43mm,43mm,43mm,43mm,43mm H/D,Motor - Female,No
2nm 12v Acmeda MotorLeftLHS Blind Independent Link,43mm,43mm,43mm,43mm,43mm H/D,Motor - Female with Insert,No
2nm 12v Acmeda MotorLeftN/A,43mm,43mm,43mm,43mm,43mm H/D,N/A,No
2nm 12v Acmeda MotorRightControl,43mm,43mm,43mm,43mm,43mm H/D,Female - Motor,No
2nm 12v Acmeda MotorRightN/A,43mm,43mm,43mm,43mm,43mm H/D,N/A,No
2nm 12v Acmeda MotorRightRHS Blind Independent Link,43mm,43mm,43mm,43mm,43mm H/D,Idle - Motor,No
Acmeda 12v 6nm MotorLeftControl,43mm,43mm,43mm,43mm,43mm H/D,Motor - Female,No
Acmeda 12v 6nm MotorLeftLHS Blind Independent Link,43mm,43mm,43mm,43mm,43mm H/D,Motor - Female with Insert,No
Acmeda 12v 6nm MotorLeftN/A,43mm,43mm,43mm,43mm,43mm H/D,N/A,No
Acmeda 12v 6nm MotorLeftN/A,43mm,43mm,43mm,43mm,43mm H/D,N/A,No
Acmeda 12v 6nm MotorRightControl,43mm,43mm,43mm,43mm,43mm H/D,Female - Motor,No
Acmeda 12v 6nm MotorRightN/A,43mm,43mm,43mm,43mm,43mm H/D,N/A,No
Acmeda 12v 6nm MotorRightN/A,43mm,43mm,43mm,43mm,43mm H/D,N/A,No
Acmeda 12v 6nm MotorRightRHS Blind Independent Link,43mm,43mm,43mm,43mm,43mm H/D,Idle - Motor,No
Acmeda E6 MotorLeftControl,43mm,43mm,43mm,43mm,43mm H/D,Motor - Female,No
Acmeda E6 MotorLeftLHS Blind Independent Link,43mm,43mm,43mm,43mm,43mm H/D,Motor - Female with Insert,No
Acmeda E6 MotorLeftN/A,43mm,43mm,43mm,43mm,43mm H/D,N/A,No
Acmeda E6 MotorRightControl,43mm,43mm,43mm,43mm,43mm H/D,Female - Motor,No
Acmeda E6 MotorRightN/A,43mm,43mm,43mm,43mm,43mm H/D,N/A,No
Acmeda E6 MotorRightRHS Blind Independent Link,43mm,43mm,43mm,43mm,43mm H/D,Idle - Motor,No
Acmeda External MotorLeftN/A,60mm,60mm,60mm,60mm,60mm,N/A.,No
Acmeda External MotorRightN/A,60mm,60mm,60mm,60mm,60mm,N/A.,No
Acmeda External MotorLeftControl,60mm,60mm,60mm,60mm,60mm,Motor - 60mm Male,No
Acmeda External MotorRightControl,60mm,60mm,60mm,60mm,60mm,60mm Male - Motor,No
Acmeda External 12v MotorLeftN/A,60mm,60mm,60mm,60mm,60mm,N/A.,No
Acmeda External 12v MotorRightN/A,60mm,60mm,60mm,60mm,60mm,N/A.,No
Acmeda External 12v MotorLeftControl,60mm,60mm,60mm,60mm,60mm,Motor - 60mm Male,No
Acmeda External 12v MotorRightControl,60mm,60mm,60mm,60mm,60mm,60mm Male - Motor,No
Acmeda M6 MotorLeftControl,60mm,60mm,60mm,60mm,60mm,Motor - Female,No
Acmeda M6 MotorLeftLHS Blind Independent Link,43mm,43mm,43mm,43mm,43mm H/D,Motor - Female with Insert,No
Acmeda M6 MotorLeftN/A,43mm,43mm,43mm,43mm,43mm H/D,N/A,No
Acmeda M6 MotorRightControl,43mm,43mm,43mm,43mm,43mm H/D,Female - Motor,No
Acmeda M6 MotorRightN/A,43mm,43mm,43mm,43mm,43mm H/D,N/A,No
Acmeda M6 MotorRightRHS Blind Independent Link,43mm,43mm,43mm,43mm,43mm H/D,Idle - Motor,No
Becker CBUS MotorLeftControl,43mm,43mm,43mm,43mm,43mm H/D,Motor - Female,No
Becker CBUS MotorLeftLHS Blind Independent Link,43mm,43mm,43mm,43mm,43mm H/D,Motor - Female with Insert,No
Becker CBUS MotorLeftN/A,43mm,43mm,43mm,43mm,43mm H/D,N/A,No
Becker CBUS MotorRightControl,43mm,43mm,43mm,43mm,43mm H/D,Female - Motor,No
Becker CBUS MotorRightN/A,43mm,43mm,43mm,43mm,43mm H/D,N/A,No
Becker CBUS MotorRightRHS Blind Independent Link,43mm,43mm,43mm,43mm,43mm H/D,Idle - Motor,No
Becker Remote MotorLeftControl,43mm,43mm,43mm,43mm,43mm H/D,Motor - Female,No
Becker Remote MotorLeftLHS Blind Independent Link,43mm,43mm,43mm,43mm,43mm H/D,Motor - Female with Insert,No
Becker Remote MotorLeftN/A,43mm,43mm,43mm,43mm,43mm H/D,N/A,No
Becker Remote MotorRightControl,43mm,43mm,43mm,43mm,43mm H/D,Female - Motor,No
Becker Remote MotorRightN/A,43mm,43mm,43mm,43mm,43mm H/D,N/A,No
Becker Remote MotorRightRHS Blind Independent Link,43mm,43mm,43mm,43mm,43mm H/D,Idle - Motor,No
Becker External CBUS MotorLeftControl,60mm,60mm,60mm,60mm,60mm,Motor - 60mm Male,No
Becker External CBUS MotorLeftN/A,60mm,60mm,60mm,60mm,60mm,N/A,No
Becker External CBUS MotorRightControl,60mm,60mm,60mm,60mm,60mm,60mm Male - Motor,No
Becker External CBUS MotorRightN/A,60mm,60mm,60mm,60mm,60mm,N/A,No
Becker External Remote MotorLeftControl,60mm,60mm,60mm,60mm,60mm,Motor - 60mm Male,No
Becker External Remote MotorLeftN/A,60mm,60mm,60mm,60mm,60mm,N/A,No
Becker External Remote MotorRightControl,60mm,60mm,60mm,60mm,60mm,60mm Male - Motor,No
Becker External Remote MotorRightN/A,60mm,60mm,60mm,60mm,60mm,N/A,No
Chain WinderLeftControl,43mm,43mm,43mm,43mm,43mm H/D,Chain Winder - Female,Yes
Chain WinderLeftLHS Blind Independent Link,43mm,43mm,43mm,43mm,43mm H/D,Chain Winder - Female with Insert,Check
Chain WinderLeftN/A,43mm,38mm,43mm,43mm,43mm H/D,N/A,Check
Chain WinderRightControl,43mm,43mm,43mm,43mm,43mm H/D,Female - Chain Winder,Yes
Chain WinderRightN/A,43mm,38mm,43mm,43mm,43mm H/D,N/A,Check
Chain WinderRightRHS Blind Independent Link,43mm,43mm,43mm,43mm,43mm H/D,Idle - Chain Winder,Check
HD Chain WinderLeftControl,37mm,37mm,37mm,50mm,50mm,Chain Winder - Female,Yes
HD Chain WinderLeftLHS Blind Independent Link,37mm,37mm,37mm,50mm,50mm,Chain Winder - Female with Insert,Check
HD Chain WinderLeftN/A,37mm,37mm,37mm,50mm,50mm,N/A,Check
HD Chain WinderRightControl,37mm,37mm,37mm,50mm,50mm,Female - Chain Winder,Yes
HD Chain WinderRightN/A,37mm,37mm,37mm,50mm,50mm,N/A,Check
HD Chain WinderRightRHS Blind Independent Link,37mm,37mm,37mm,50mm,50mm,Idle - Chain Winder,Check
Chain Winder 60mmLeftControl,60mm,60mm,60mm,60mm,60mm,60mm Chain Winder - Male,Yes
Chain Winder 60mmLeftN/A,60mm,60mm,60mm,60mm,60mm,N/A,Check
Chain Winder 60mmRightControl,60mm,60mm,60mm,60mm,60mm,Male - 60mm Chain Winder,Yes
Chain Winder 60mmRightN/A,43mm,60mm,60mm,60mm,60mm,N/A,Check
Chain Winder Fixed GuideLeftControl,43mm,43mm,43mm,43mm,43mm H/D,Chain Winder - Female,Yes
Chain Winder Fixed GuideLeftLHS Blind Independent Link,43mm,43mm,43mm,43mm,43mm H/D,Chain Winder - Female with Insert,Check
Chain Winder Fixed GuideLeftN/A,43mm,38mm,43mm,43mm,43mm H/D,N/A,Check
Chain Winder Fixed GuideRightControl,43mm,43mm,43mm,43mm,43mm H/D,Female - Chain Winder,Yes
Chain Winder Fixed GuideRightN/A,43mm,38mm,43mm,43mm,43mm H/D,N/A,Check
Chain Winder Fixed GuideRightRHS Blind Independent Link,43mm,43mm,43mm,43mm,43mm H/D,Idle - Chain Winder,Check
LinkedN/ALHS Blind,43mm,43mm,43mm,43mm,43mm H/D,Idle - Male,No
LinkedN/AMiddle Blind Control on LHS,43mm,43mm,43mm,43mm,43mm H/D,Male - Female,No
LinkedN/AMiddle Blind Control on LHS Independent Link,43mm,43mm,43mm,43mm,43mm H/D,Male - Female with Insert,No
LinkedN/AMiddle Blind Control on RHS,43mm,43mm,43mm,43mm,43mm H/D,Female - Male,No
LinkedN/AMiddle Blind Control on RHS Independent Link,43mm,43mm,43mm,43mm,43mm H/D,Idle - Male,No
LinkedN/ARHS Blind,43mm,43mm,43mm,43mm,43mm H/D,Male - Idle,No
Linked - HDN/ALHS Blind,50mm,50mm,50mm,50mm,50mm,Idle - Male,No
Linked - HDN/AMiddle Blind Control on LHS,50mm,50mm,50mm,50mm,50mm,Male - Female,No
Linked - HDN/AMiddle Blind Control on LHS Independent Link,50mm,50mm,50mm,50mm,50mm,Male - Female with Insert,No
Linked - HDN/AMiddle Blind Control on RHS,50mm,50mm,50mm,50mm,50mm,Female - Male,No
Linked - HDN/AMiddle Blind Control on RHS Independent Link,50mm,50mm,50mm,50mm,50mm,Idle - Male,No
Linked - HDN/ARHS Blind,50mm,50mm,50mm,50mm,50mm,Male - Idle,No
Linked 60mmN/ALHS Blind,60mm,60mm,60mm,60mm,60mm,60mm Idle - 60mm Female,No
Linked 60mmN/AMiddle Blind Control on LHS,60mm,60mm,60mm,60mm,60mm,60mm Female - 60mm Male,No
Linked 60mmN/AMiddle Blind Control on RHS,60mm,60mm,60mm,60mm,60mm,60mm Male - 60mm Female,No
Linked 60mmN/ARHS Blind,60mm,60mm,60mm,60mm,60mm,60mm Female - 60mm Idle,No
Nice CBus MotorLeftN/A,43mm,43mm,43mm,43mm,43mm H/D,N/A,No
Nice CBus MotorRightN/A,43mm,43mm,43mm,43mm,43mm H/D,N/A,No
Nice Remote MotorLeftN/A,43mm,43mm,43mm,43mm,43mm H/D,N/A,No
Nice Remote MotorRightN/A,43mm,43mm,43mm,43mm,43mm H/D,N/A,No
Small SpringN/ASpring N/A,43mm,38mm,Too Big,Too Big,Too Big,N/A,No
Somfy 12v Remote Sonesse MotorLeftControl,43mm,43mm,43mm,43mm,43mm H/D,Motor - Female,No
Somfy 12v Remote Sonesse MotorLeftLHS Blind Independent Link,43mm,43mm,43mm,43mm,43mm H/D,Motor - Female with Insert,No
Somfy 12v Remote Sonesse MotorLeftN/A,43mm,43mm,43mm,43mm,43mm H/D,N/A,No
Somfy 12v Remote Sonesse MotorRightControl,43mm,43mm,43mm,43mm,43mm H/D,Female - Motor,No
Somfy 12v Remote Sonesse MotorRightN/A,43mm,43mm,43mm,43mm,43mm H/D,N/A,No
Somfy 12v Remote Sonesse MotorRightRHS Blind Independent Link,43mm,43mm,43mm,43mm,43mm H/D,Idle - Chain Winder,No
Somfy CBUS MotorLeftControl,43mm,43mm,43mm,43mm,43mm H/D,Motor - Female,No
Somfy CBUS MotorLeftLHS Blind Independent Link,43mm,43mm,43mm,43mm,43mm H/D,Motor - Female with Insert,No
Somfy CBUS MotorLeftN/A,43mm,43mm,43mm,43mm,43mm H/D,N/A,No
Somfy CBUS MotorRightControl,43mm,43mm,43mm,43mm,43mm H/D,Motor - Female,No
Somfy CBUS MotorRightN/A,43mm,43mm,43mm,43mm,43mm H/D,N/A,No
Somfy CBUS MotorRightRHS Blind Independent Link,43mm,43mm,43mm,43mm,43mm H/D,Idle - Chain Winder,No
Somfy External CBUS MotorLeftControl,60mm,60mm,60mm,60mm,60mm,Motor - 60mm Male,No
Somfy External CBUS MotorLeftN/A,60mm,60mm,60mm,60mm,60mm,N/A,No
Somfy External CBUS MotorRightControl,60mm,60mm,60mm,60mm,60mm,60mm Male - Motor,No
Somfy External CBUS MotorRightN/A,60mm,60mm,60mm,60mm,60mm,N/A,No
Somfy External Remote MotorLeftControl,60mm,60mm,60mm,60mm,60mm,Motor - 60mm Male,No
Somfy External Remote MotorLeftN/A,60mm,60mm,60mm,60mm,60mm,N/A,No
Somfy External Remote MotorRightControl,60mm,60mm,60mm,60mm,60mm,60mm Male - Motor,No
Somfy External Remote MotorRightN/A,60mm,60mm,60mm,60mm,60mm,N/A,No
Somfy Remote Sonesse MotorLeftControl,43mm,43mm,43mm,43mm,43mm H/D,Motor - Female,No
Somfy Remote Sonesse MotorLeftLHS Blind Independent Link,43mm,43mm,43mm,43mm,43mm H/D,Motor - Female with Insert,No
Somfy Remote Sonesse MotorLeftN/A,43mm,43mm,43mm,43mm,43mm H/D,N/A,No
Somfy Remote Sonesse MotorRightControl,43mm,43mm,43mm,43mm,43mm H/D,Female - Motor,No
Somfy Remote Sonesse MotorRightN/A,43mm,43mm,43mm,43mm,43mm H/D,N/A,No
Somfy Remote Sonesse MotorRightRHS Blind Independent Link,43mm,43mm,43mm,43mm,43mm H/D,Idle - Chain Winder,No
HD Somfy 12v Remote Sonesse MotorLeftControl,50mm,50mm,50mm,50mm,50mm,Motor - Female,No
HD Somfy 12v Remote Sonesse MotorLeftLHS Blind Independent Link,50mm,50mm,50mm,50mm,50mm,Motor - Female with Insert,No
HD Somfy 12v Remote Sonesse MotorLeftN/A,50mm,50mm,50mm,50mm,50mm,N/A,No
HD Somfy 12v Remote Sonesse MotorRightControl,50mm,50mm,50mm,50mm,50mm,Female - Motor,No
HD Somfy 12v Remote Sonesse MotorRightN/A,50mm,50mm,50mm,50mm,50mm,N/A,No
HD Somfy 12v Remote Sonesse MotorRightRHS Blind Independent Link,50mm,50mm,50mm,50mm,50mm,Idle - Chain Winder,No
HD Somfy CBUS MotorLeftControl,50mm,50mm,50mm,50mm,50mm,Motor - Female,No
HD Somfy CBUS MotorLeftLHS Blind Independent Link,50mm,50mm,50mm,50mm,50mm,Motor - Female with Insert,No
HD Somfy CBUS MotorLeftN/A,50mm,50mm,50mm,50mm,50mm,N/A,No
HD Somfy CBUS MotorRightControl,50mm,50mm,50mm,50mm,50mm,Motor - Female,No
HD Somfy CBUS MotorRightN/A,50mm,50mm,50mm,50mm,50mm,N/A,No
HD Somfy CBUS MotorRightRHS Blind Independent Link,50mm,50mm,50mm,50mm,50mm,Idle - Chain Winder,No
HD Somfy External CBUS MotorLeftControl,60mm,60mm,60mm,60mm,60mm,Motor - 60mm Male,No
HD Somfy External CBUS MotorLeftN/A,60mm,60mm,60mm,60mm,60mm,N/A,No
HD Somfy External CBUS MotorRightControl,60mm,60mm,60mm,60mm,60mm,60mm Male - Motor,No
HD Somfy External CBUS MotorRightN/A,60mm,60mm,60mm,60mm,60mm,N/A,No
HD Somfy External Remote MotorLeftControl,60mm,60mm,60mm,60mm,60mm,Motor - 60mm Male,No
HD Somfy External Remote MotorLeftN/A,60mm,60mm,60mm,60mm,60mm,N/A,No
HD Somfy External Remote MotorRightControl,60mm,60mm,60mm,60mm,60mm,60mm Male - Motor,No
HD Somfy External Remote MotorRightN/A,60mm,60mm,60mm,60mm,60mm,N/A,No
HD Somfy Remote Sonesse MotorLeftControl,50mm,50mm,50mm,50mm,50mm,Motor - Female,No
HD Somfy Remote Sonesse MotorLeftLHS Blind Independent Link,50mm,50mm,50mm,50mm,50mm,Motor - Female with Insert,No
HD Somfy Remote Sonesse MotorLeftN/A,50mm,50mm,50mm,50mm,50mm,N/A,No
HD Somfy Remote Sonesse MotorRightControl,50mm,50mm,50mm,50mm,50mm,Female - Motor,No
HD Somfy Remote Sonesse MotorRightN/A,50mm,50mm,50mm,50mm,50mm,N/A,No
HD Somfy Remote Sonesse MotorRightRHS Blind Independent Link,50mm,50mm,50mm,50mm,50mm,Idle - Chain Winder,No
Standard SpringN/ASpring N/A,43mm,38mm,Too Big,Too Big,Too Big,N/A,No
Sunboss Chain Winder 38mm TubeLeftN/A,38mm,38mm,38mm,38mm,38mm,N/A,No
Sunboss Chain Winder 38mm TubeRightN/A,38mm,38mm,38mm,38mm,38mm,N/A,No
Sunboss Chain Winder 43mm TubeLeftN/A,43mm,43mm,43mm,43mm,43mm,N/A,No
Sunboss Chain Winder 43mm TubeRightN/A,43mm,43mm,43mm,43mm,43mm,N/A,No
TBS CbusLeftControl,43mm,43mm,43mm,43mm,43mm H/D,Motor - Female,No
TBS CbusLeftN/A,43mm,43mm,43mm,43mm,43mm H/D,N/A,No
TBS CbusRightControl,43mm,43mm,43mm,43mm,43mm H/D,Female - Motor,No
TBS CbusRightN/A,43mm,43mm,43mm,43mm,43mm H/D,N/A,No
TBS Remote MotorLeftControl,43mm,43mm,43mm,43mm,43mm H/D,Motor - Female,No
TBS Remote MotorLeftN/A,43mm,43mm,43mm,43mm,43mm H/D,N/A,No
TBS Remote MotorRightControl,43mm,43mm,43mm,43mm,43mm H/D,Female - Motor,No
TBS Remote MotorRightN/A,43mm,43mm,43mm,43mm,43mm H/D,N/A,No
Uniline CBus MotorLeftControl,43mm,43mm,43mm,43mm,43mm H/D,Motor - Female,No
Uniline CBus MotorLeftN/A,43mm,43mm,43mm,43mm,43mm H/D,N/A,No
Uniline CBus MotorRightControl,43mm,43mm,43mm,43mm,43mm H/D,Female - Motor,No
Uniline CBus MotorRightN/A,43mm,43mm,43mm,43mm,43mm H/D,N/A,No
Uniline Remote MotorLeftControl,43mm,43mm,43mm,43mm,43mm H/D,Motor - Female,No
Uniline Remote MotorLeftN/A,43mm,43mm,43mm,43mm,43mm H/D,N/A,No
Uniline Remote MotorRightControl,43mm,43mm,43mm,43mm,43mm H/D,Female - Motor,No
Uniline Remote MotorRightN/A,43mm,43mm,43mm,43mm,43mm H/D,N/A,No
Uniline Spring (Old Style)N/AN/A,43mm,38mm,38mm,38mm,38mm,N/A,No
,,,,,,,
,,,,,,,
,,,,,,,
,,,,,,,
,,,,,,,
,,,,,,,
,,,,,,,
,,,,,,,
,,,,,,,
,,,,,,,
,,,,,,,
,,,,,,,
,,,,,,,
,,,,,,,
,,,,,,,
,,,,,,,
,,,,,,,
,,,,,,,
,,,,,,,
,,,,,,,
,,,,,,,
,,,,,,,
,,,,,,,
,,,,,,,
,,,,,,,
,,,,,,,
,,,,,,,
